Source,created by,Type,Story ID,Question ID,Story,Question,Answer
Baron-Cohen et al. (1999),Experts,FauxPas,1f,1,"All of the class took part in a story competition. Emma really wanted to win. Whilst she was away from school, the results of the competition were announced: Alice was the winner. The next day, Alice saw Emma and said ""I'm sorry about your story."" ""What do you mean?"" said Emma. ""Oh nothing,"" said Alice.","In the story did someone say something that they should not have said? Answer with ""Yes"" or ""No"" only, without explanations. In case of doubt, answer according to the most probable answer.",Yes
Baron-Cohen et al. (1999),Experts,FauxPas,1f,2,"All of the class took part in a story competition. Emma really wanted to win. Whilst she was away from school, the results of the competition were announced: Alice was the winner. The next day, Alice saw Emma and said ""I'm sorry about your story."" ""What do you mean?"" said Emma. ""Oh nothing,"" said Alice.",What did they say that they should not have said? Answer with a quote only without explanations.,I'm sorry about your story.
Baron-Cohen et al. (1999),Experts,FauxPas,1f,3,"All of the class took part in a story competition. Emma really wanted to win. Whilst she was away from school, the results of the competition were announced: Alice was the winner. The next day, Alice saw Emma and said ""I'm sorry about your story."" ""What do you mean?"" said Emma. ""Oh nothing,"" said Alice.","Who won the story competition? Answer the question only, without explanations.",Alice
Baron-Cohen et al. (1999),Experts,FauxPas,1f,4,"All of the class took part in a story competition. Emma really wanted to win. Whilst she was away from school, the results of the competition were announced: Alice was the winner. The next day, Alice saw Emma and said ""I'm sorry about your story."" ""What do you mean?"" said Emma. ""Oh nothing,"" said Alice.","Did Alice realize that Emma hadn't heard the results of the competition? Answer with ""Yes"" or ""No"" only, without explanations. In case of doubt, answer according to the most probable answer.",No
Baron-Cohen et al. (1999),Experts,Control,1c,1,"All of the class took part in a poetry competition. Jane really wanted to win. While she was away, the results of the competition were announced: Mary was the winner. The next day, Jane bumped into Mary. Mary said ""How are you feeling?"". ""Fine thanks?"" said Jane, ""Oh good"" said Mary.","In the story did someone say something that they should not have said? Answer with ""Yes"" or ""No"" only, without explanations. In case of doubt, answer according to the most probable answer.",No
Baron-Cohen et al. (1999),Experts,Control,1c,2,"All of the class took part in a poetry competition. Jane really wanted to win. While she was away, the results of the competition were announced: Mary was the winner. The next day, Jane bumped into Mary. Mary said ""How are you feeling?"". ""Fine thanks?"" said Jane, ""Oh good"" said Mary.",What did they say that they should not have said? Answer with a quote only without explanations.,Nothing
Baron-Cohen et al. (1999),Experts,Control,1c,3,"All of the class took part in a poetry competition. Jane really wanted to win. While she was away, the results of the competition were announced: Mary was the winner. The next day, Jane bumped into Mary. Mary said ""How are you feeling?"". ""Fine thanks?"" said Jane, ""Oh good"" said Mary.","Who won the story competition? Answer the question only, without explanations.",Mary
Baron-Cohen et al. (1999),Experts,Control,1c,4,"All of the class took part in a poetry competition. Jane really wanted to win. While she was away, the results of the competition were announced: Mary was the winner. The next day, Jane bumped into Mary. Mary said ""How are you feeling?"". ""Fine thanks?"" said Jane, ""Oh good"" said Mary.","Did Mary know that Jane hadn't heard the results of the competition? Answer with ""Yes"" or ""No"" only, without explanations. In case of doubt, answer according to the most probable answer.",No
Baron-Cohen et al. (1999),Experts,FauxPas,2f,1,"Robert had just started at a new school. He said to his new friend, Andrew, ""My Mum is a dinner lady at this school."" Then Claire came over and said, ""I hate dinner ladies. They're horrible."" ""Do you want to come and play rounders?"" Andrew asked Claire. ""No"" she replied ""I'm not feeling very well."" ","In the story did someone say something that they should not have said? Answer with ""Yes"" or ""No"" only, without explanations. In case of doubt, answer according to the most probable answer.",Yes
Baron-Cohen et al. (1999),Experts,FauxPas,2f,2,"Robert had just started at a new school. He said to his new friend, Andrew, ""My Mum is a dinner lady at this school."" Then Claire came over and said, ""I hate dinner ladies. They're horrible."" ""Do you want to come and play rounders?"" Andrew asked Claire. ""No"" she replied ""I'm not feeling very well."" ",What did they say that they should not have said? Answer with a quote only without explanations.,"""I hate dinner ladies. They're horrible."""
Baron-Cohen et al. (1999),Experts,FauxPas,2f,3,"Robert had just started at a new school. He said to his new friend, Andrew, ""My Mum is a dinner lady at this school."" Then Claire came over and said, ""I hate dinner ladies. They're horrible."" ""Do you want to come and play rounders?"" Andrew asked Claire. ""No"" she replied ""I'm not feeling very well."" ","What job does Robert's Mum do? Answer the question only, without explanations.",Robert's Mum is a dinner lady.
Baron-Cohen et al. (1999),Experts,FauxPas,2f,4,"Robert had just started at a new school. He said to his new friend, Andrew, ""My Mum is a dinner lady at this school."" Then Claire came over and said, ""I hate dinner ladies. They're horrible."" ""Do you want to come and play rounders?"" Andrew asked Claire. ""No"" she replied ""I'm not feeling very well."" ","Did Clare know that Robert's Mum was a dinner lady? Answer with ""Yes"" or ""No"" only, without explanations. In case of doubt, answer according to the most probable answer.",No
Baron-Cohen et al. (1999),Experts,Control,2c,1,"David had just started at a new school. He said to his new friend, Mike, ""My Mum is a teacher in this school."" Then Jeff came over. ""I hate school"" he told them, ""It's so small."" ""Do you want to come and play rounders?"" Mike asked Jeff. ""No"" he replied ""I'm not feeling very well.""","In the story did someone say something that they should not have said? Answer with ""Yes"" or ""No"" only, without explanations. In case of doubt, answer according to the most probable answer.",No
Baron-Cohen et al. (1999),Experts,Control,2c,2,"David had just started at a new school. He said to his new friend, Mike, ""My Mum is a teacher in this school."" Then Jeff came over. ""I hate school"" he told them, ""It's so small."" ""Do you want to come and play rounders?"" Mike asked Jeff. ""No"" he replied ""I'm not feeling very well.""",What did they say that they should not have said? Answer with a quote only without explanations.,Nothing
Baron-Cohen et al. (1999),Experts,Control,2c,3,"David had just started at a new school. He said to his new friend, Mike, ""My Mum is a teacher in this school."" Then Jeff came over. ""I hate school"" he told them, ""It's so small."" ""Do you want to come and play rounders?"" Mike asked Jeff. ""No"" he replied ""I'm not feeling very well.""","What job does David's Mum do? Answer the question only, without explanations.",David's Mum is a teacher in the school where David attends.
Baron-Cohen et al. (1999),Experts,Control,2c,4,"David had just started at a new school. He said to his new friend, Mike, ""My Mum is a teacher in this school."" Then Jeff came over. ""I hate school"" he told them, ""It's so small."" ""Do you want to come and play rounders?"" Mike asked Jeff. ""No"" he replied ""I'm not feeling very well.""","Did Jeff know that David's Mum was a teacher? Answer with ""Yes"" or ""No"" only, without explanations. In case of doubt, answer according to the most probable answer.",No
Baron-Cohen et al. (1999),Experts,FauxPas,3f,1,"Mike was in one of the cubicles in the toilets at school. Joe and Peter were at the sinks nearby. Joe said ""You know that new boy in the class, his name is Mike. Doesn't he look really weird!"" Mike then came out of the cubicles. Peter said ""Oh hello Mike, are you going to play football now?"".","In the story did someone say something that they should not have said? Answer with ""Yes"" or ""No"" only, without explanations. In case of doubt, answer according to the most probable answer.",Yes
Baron-Cohen et al. (1999),Experts,FauxPas,3f,2,"Mike was in one of the cubicles in the toilets at school. Joe and Peter were at the sinks nearby. Joe said ""You know that new boy in the class, his name is Mike. Doesn't he look really weird!"" Mike then came out of the cubicles. Peter said ""Oh hello Mike, are you going to play football now?"".",What did they say that they should not have said? Answer with a quote only without explanations.,"""You know that new boy in the class, his name is Mike. Doesn't he look really weird!"""
Baron-Cohen et al. (1999),Experts,FauxPas,3f,3,"Mike was in one of the cubicles in the toilets at school. Joe and Peter were at the sinks nearby. Joe said ""You know that new boy in the class, his name is Mike. Doesn't he look really weird!"" Mike then came out of the cubicles. Peter said ""Oh hello Mike, are you going to play football now?"".","Where were Joe and Peter when they were talking? Answer the question only, without explanations.",Joe and Peter were at the sinks nearby.
Baron-Cohen et al. (1999),Experts,FauxPas,3f,4,"Mike was in one of the cubicles in the toilets at school. Joe and Peter were at the sinks nearby. Joe said ""You know that new boy in the class, his name is Mike. Doesn't he look really weird!"" Mike then came out of the cubicles. Peter said ""Oh hello Mike, are you going to play football now?"".","Did Joe Know that Mike was in the cubicles ? Answer with ""Yes"" or ""No"" only, without explanations. In case of doubt, answer according to the most probable answer.",No
Baron-Cohen et al. (1999),Experts,Control,3c,1,"John was in one of the cubicles in the toilets at school. Sam and Eddy were at the sinks nearby. Sam said ""You know that new boy in the class - you know, his name is John. Doesn't he look cool!"" John then came out of the cubicles. Peter said ""Oh, hi John. Are you going to play football now?""","In the story did someone say something that they should not have said? Answer with ""Yes"" or ""No"" only, without explanations. In case of doubt, answer according to the most probable answer.",No
Baron-Cohen et al. (1999),Experts,Control,3c,2,"John was in one of the cubicles in the toilets at school. Sam and Eddy were at the sinks nearby. Sam said ""You know that new boy in the class - you know, his name is John. Doesn't he look cool!"" John then came out of the cubicles. Peter said ""Oh, hi John. Are you going to play football now?""",What did they say that they should not have said? Answer with a quote only without explanations.,Nothing
Baron-Cohen et al. (1999),Experts,Control,3c,3,"John was in one of the cubicles in the toilets at school. Sam and Eddy were at the sinks nearby. Sam said ""You know that new boy in the class - you know, his name is John. Doesn't he look cool!"" John then came out of the cubicles. Peter said ""Oh, hi John. Are you going to play football now?""","Where were Sam and Eddy when they were talking? Answer the question only, without explanations.",Sam and Eddy were at the sinks nearby in the toilets at school when they were talking.
Baron-Cohen et al. (1999),Experts,Control,3c,4,"John was in one of the cubicles in the toilets at school. Sam and Eddy were at the sinks nearby. Sam said ""You know that new boy in the class - you know, his name is John. Doesn't he look cool!"" John then came out of the cubicles. Peter said ""Oh, hi John. Are you going to play football now?""","Did Sam know that John was in the cubicles? Answer with ""Yes"" or ""No"" only, without explanations. In case of doubt, answer according to the most probable answer.",No
Baron-Cohen et al. (1999),Experts,FauxPas,4f,1,"Kim helped her Mum make an apple pie for her uncle when he came to visit. She carried it out of the kitchen. ""I made it just for you,"" said Kim. ""Mmm"", replied Uncle Tom, ""That looks lovely. I love pies, except for apple, of course!""","In the story did someone say something that they should not have said? Answer with ""Yes"" or ""No"" only, without explanations. In case of doubt, answer according to the most probable answer.",Yes
Baron-Cohen et al. (1999),Experts,FauxPas,4f,2,"Kim helped her Mum make an apple pie for her uncle when he came to visit. She carried it out of the kitchen. ""I made it just for you,"" said Kim. ""Mmm"", replied Uncle Tom, ""That looks lovely. I love pies, except for apple, of course!""",What did they say that they should not have said? Answer with a quote only without explanations.,"""I love pies, except for apple, of course!"""
Baron-Cohen et al. (1999),Experts,FauxPas,4f,3,"Kim helped her Mum make an apple pie for her uncle when he came to visit. She carried it out of the kitchen. ""I made it just for you,"" said Kim. ""Mmm"", replied Uncle Tom, ""That looks lovely. I love pies, except for apple, of course!""","What kind of pie had Kim made ? Answer the question only, without explanations.",Kim made an apple pie.
Baron-Cohen et al. (1999),Experts,FauxPas,4f,4,"Kim helped her Mum make an apple pie for her uncle when he came to visit. She carried it out of the kitchen. ""I made it just for you,"" said Kim. ""Mmm"", replied Uncle Tom, ""That looks lovely. I love pies, except for apple, of course!""","Did Uncle Tom know that the pie was an apple pie ? Answer with ""Yes"" or ""No"" only, without explanations. In case of doubt, answer according to the most probable answer.",No
Baron-Cohen et al. (1999),Experts,Control,4c,1,"Kate helped her Mum make a fruit pie for her neighbor when he came to visit. She carried it out of the kitchen. ""I made it just for you,"" said Kate. ""Mmm"", replied her neighbor, ""That looks lovely - I love pies, especially fruit ones!""","In the story did someone say something that they should not have said? Answer with ""Yes"" or ""No"" only, without explanations. In case of doubt, answer according to the most probable answer.",No
Baron-Cohen et al. (1999),Experts,Control,4c,2,"Kate helped her Mum make a fruit pie for her neighbor when he came to visit. She carried it out of the kitchen. ""I made it just for you,"" said Kate. ""Mmm"", replied her neighbor, ""That looks lovely - I love pies, especially fruit ones!""",What did they say that they should not have said? Answer with a quote only without explanations.,Nothing
Baron-Cohen et al. (1999),Experts,Control,4c,3,"Kate helped her Mum make a fruit pie for her neighbor when he came to visit. She carried it out of the kitchen. ""I made it just for you,"" said Kate. ""Mmm"", replied her neighbor, ""That looks lovely - I love pies, especially fruit ones!""","What kind of pie had Kate made? Answer the question only, without explanations.",Kate made a fruit pie for her neighbor.
Baron-Cohen et al. (1999),Experts,Control,4c,4,"Kate helped her Mum make a fruit pie for her neighbor when he came to visit. She carried it out of the kitchen. ""I made it just for you,"" said Kate. ""Mmm"", replied her neighbor, ""That looks lovely - I love pies, especially fruit ones!""","Did the neighbor know that the pie was a fruit pie? Answer with ""Yes"" or ""No"" only, without explanations. In case of doubt, answer according to the most probable answer.",Yes
Baron-Cohen et al. (1999),Experts,FauxPas,5f,1,"James bought Richard a toy airplane for his birthday. A few months later, they were playing with it, and James accidentally dropped it. ""Don't worry"" said Richard, ""I never liked it anyway. Someone gave it to me for my birthday."" ","In the story did someone say something that they should not have said? Answer with ""Yes"" or ""No"" only, without explanations. In case of doubt, answer according to the most probable answer.",Yes
Baron-Cohen et al. (1999),Experts,FauxPas,5f,2,"James bought Richard a toy airplane for his birthday. A few months later, they were playing with it, and James accidentally dropped it. ""Don't worry"" said Richard, ""I never liked it anyway. Someone gave it to me for my birthday."" ",What did they say that they should not have said? Answer with a quote only without explanations.,"""I never liked it anyway. Someone gave it to me for my birthday."""
Baron-Cohen et al. (1999),Experts,FauxPas,5f,3,"James bought Richard a toy airplane for his birthday. A few months later, they were playing with it, and James accidentally dropped it. ""Don't worry"" said Richard, ""I never liked it anyway. Someone gave it to me for my birthday."" ","What did James give Richard for his birthday? Answer the question only, without explanations.",James gave Richard a toy airplane for his birthday.
Baron-Cohen et al. (1999),Experts,FauxPas,5f,4,"James bought Richard a toy airplane for his birthday. A few months later, they were playing with it, and James accidentally dropped it. ""Don't worry"" said Richard, ""I never liked it anyway. Someone gave it to me for my birthday."" ","Did Richard remember James had given him the toy airplane for his birthday? Answer with ""Yes"" or ""No"" only, without explanations. In case of doubt, answer according to the most probable answer.",No
Baron-Cohen et al. (1999),Experts,Control,5c,1,"Simon bought Robert a toy car for his birthday. A few months later, they were playing with it, and Simon dropped it. ""Don't worry,"" said Robert, ""it was only an accident"". ","In the story did someone say something that they should not have said? Answer with ""Yes"" or ""No"" only, without explanations. In case of doubt, answer according to the most probable answer.",No
Baron-Cohen et al. (1999),Experts,Control,5c,2,"Simon bought Robert a toy car for his birthday. A few months later, they were playing with it, and Simon dropped it. ""Don't worry,"" said Robert, ""it was only an accident"". ",What did they say that they should not have said? Answer with a quote only without explanations.,Nothing
Baron-Cohen et al. (1999),Experts,Control,5c,3,"Simon bought Robert a toy car for his birthday. A few months later, they were playing with it, and Simon dropped it. ""Don't worry,"" said Robert, ""it was only an accident"". ","What did Simon give Robert for his birthday? Answer the question only, without explanations.",Simon gave Robert a toy car for his birthday.
Baron-Cohen et al. (1999),Experts,Control,5c,4,"Simon bought Robert a toy car for his birthday. A few months later, they were playing with it, and Simon dropped it. ""Don't worry,"" said Robert, ""it was only an accident"". ","Did Simon know Robert had given him the toy car for his birthday? Answer with ""Yes"" or ""No"" only, without explanations. In case of doubt, answer according to the most probable answer.",Yes
Baron-Cohen et al. (1999),Experts,FauxPas,6f,1,"Sally has short blonde hair. She was at her Aunt Carol's house. The doorbell rang. It was Mary, a neighbor. Mary said ""Hello,"" then looked at Sally and said ""Oh, I don't think I've met this little boy. What's your name?"" Aunt Carol said ""Who'd like a cup of tea?.""","In the story did someone say something that they should not have said? Answer with ""Yes"" or ""No"" only, without explanations. In case of doubt, answer according to the most probable answer.",Yes
Baron-Cohen et al. (1999),Experts,FauxPas,6f,2,"Sally has short blonde hair. She was at her Aunt Carol's house. The doorbell rang. It was Mary, a neighbor. Mary said ""Hello,"" then looked at Sally and said ""Oh, I don't think I've met this little boy. What's your name?"" Aunt Carol said ""Who'd like a cup of tea?.""",What did they say that they should not have said? Answer with a quote only without explanations.,"""Oh, I don't think I've met this little boy. What's your name?"""
Baron-Cohen et al. (1999),Experts,FauxPas,6f,3,"Sally has short blonde hair. She was at her Aunt Carol's house. The doorbell rang. It was Mary, a neighbor. Mary said ""Hello,"" then looked at Sally and said ""Oh, I don't think I've met this little boy. What's your name?"" Aunt Carol said ""Who'd like a cup of tea?.""","Whose house was Sally at? Answer the question only, without explanations.",Sally was at her Aunt Carol's house.
Baron-Cohen et al. (1999),Experts,FauxPas,6f,4,"Sally has short blonde hair. She was at her Aunt Carol's house. The doorbell rang. It was Mary, a neighbor. Mary said ""Hello,"" then looked at Sally and said ""Oh, I don't think I've met this little boy. What's your name?"" Aunt Carol said ""Who'd like a cup of tea?.""","Did Mary know that Sally was a little girl? Answer with ""Yes"" or ""No"" only, without explanations. In case of doubt, answer according to the most probable answer.",No
Baron-Cohen et al. (1999),Experts,Control,6c,1,"Jill has short brown hair. She was at her Uncle Ted's house. The doorbell rang. It was Mrs. Smith, a neighbor. Mrs. Smith said ""Hello,"" then looked at Jill and said ""Oh, I don't think I've met this little girl. What's your name?"" Uncle Ted said ""Who'd like some tea?"".","In the story did someone say something that they should not have said? Answer with ""Yes"" or ""No"" only, without explanations. In case of doubt, answer according to the most probable answer.",No
Baron-Cohen et al. (1999),Experts,Control,6c,2,"Jill has short brown hair. She was at her Uncle Ted's house. The doorbell rang. It was Mrs. Smith, a neighbor. Mrs. Smith said ""Hello,"" then looked at Jill and said ""Oh, I don't think I've met this little girl. What's your name?"" Uncle Ted said ""Who'd like some tea?"".",What did they say that they should not have said? Answer with a quote only without explanations.,Nothing
Baron-Cohen et al. (1999),Experts,Control,6c,3,"Jill has short brown hair. She was at her Uncle Ted's house. The doorbell rang. It was Mrs. Smith, a neighbor. Mrs. Smith said ""Hello,"" then looked at Jill and said ""Oh, I don't think I've met this little girl. What's your name?"" Uncle Ted said ""Who'd like some tea?"".","Whose house was Jill at? Answer the question only, without explanations.",Jill was at Uncle Ted's house.
Baron-Cohen et al. (1999),Experts,Control,6c,4,"Jill has short brown hair. She was at her Uncle Ted's house. The doorbell rang. It was Mrs. Smith, a neighbor. Mrs. Smith said ""Hello,"" then looked at Jill and said ""Oh, I don't think I've met this little girl. What's your name?"" Uncle Ted said ""Who'd like some tea?"".","Did Mrs. Smith know that Jill was a little girl? Answer with ""Yes"" or ""No"" only, without explanations. In case of doubt, answer according to the most probable answer.",Yes
Baron-Cohen et al. (1999),Experts,FauxPas,7f,1,"Mrs. West, the teacher, had something to tell her class, ""One of the boys in our class, Simon, is very seriously ill"" she said. The class were all very sad and were sitting quietly when a little girl, Becky, arrived late. ""Have you heard my new joke about sick people?"" she asked. The teacher said to her ""Sit down and get on with your work.""","In the story did someone say something that they should not have said? Answer with ""Yes"" or ""No"" only, without explanations. In case of doubt, answer according to the most probable answer.",Yes
Baron-Cohen et al. (1999),Experts,FauxPas,7f,2,"Mrs. West, the teacher, had something to tell her class, ""One of the boys in our class, Simon, is very seriously ill"" she said. The class were all very sad and were sitting quietly when a little girl, Becky, arrived late. ""Have you heard my new joke about sick people?"" she asked. The teacher said to her ""Sit down and get on with your work.""",What did they say that they should not have said? Answer with a quote only without explanations.,"""Have you heard my new joke about sick people?"""
Baron-Cohen et al. (1999),Experts,FauxPas,7f,3,"Mrs. West, the teacher, had something to tell her class, ""One of the boys in our class, Simon, is very seriously ill"" she said. The class were all very sad and were sitting quietly when a little girl, Becky, arrived late. ""Have you heard my new joke about sick people?"" she asked. The teacher said to her ""Sit down and get on with your work.""","What did the teacher tell the class at the beginning of the story? Answer the question only, without explanations.","""One of the boys in our class, Simon, is very seriously ill."""
Baron-Cohen et al. (1999),Experts,FauxPas,7f,4,"Mrs. West, the teacher, had something to tell her class, ""One of the boys in our class, Simon, is very seriously ill"" she said. The class were all very sad and were sitting quietly when a little girl, Becky, arrived late. ""Have you heard my new joke about sick people?"" she asked. The teacher said to her ""Sit down and get on with your work.""","Did Becky know Simon was sick? Answer with ""Yes"" or ""No"" only, without explanations. In case of doubt, answer according to the most probable answer.",No
Baron-Cohen et al. (1999),Experts,Control,7c,1,"Mrs. Jones, the teacher, had something to tell her class, ""You all know George in our class, well, he is very seriously ill"" she said. The class were all very sad and were sitting quietly when a little girl, Amy, arrived late. ""I've just been to the dentist"" she said. The teacher said to her ""Sit down and get on with your work.""","In the story did someone say something that they should not have said? Answer with ""Yes"" or ""No"" only, without explanations. In case of doubt, answer according to the most probable answer.",No
Baron-Cohen et al. (1999),Experts,Control,7c,2,"Mrs. Jones, the teacher, had something to tell her class, ""You all know George in our class, well, he is very seriously ill"" she said. The class were all very sad and were sitting quietly when a little girl, Amy, arrived late. ""I've just been to the dentist"" she said. The teacher said to her ""Sit down and get on with your work.""",What did they say that they should not have said? Answer with a quote only without explanations.,Nothing
Baron-Cohen et al. (1999),Experts,Control,7c,3,"Mrs. Jones, the teacher, had something to tell her class, ""You all know George in our class, well, he is very seriously ill"" she said. The class were all very sad and were sitting quietly when a little girl, Amy, arrived late. ""I've just been to the dentist"" she said. The teacher said to her ""Sit down and get on with your work.""","What did the teacher tell the class at the beginning of the story? Answer the question only, without explanations.",The teacher told the class that George in their class was very seriously ill.
Baron-Cohen et al. (1999),Experts,Control,7c,4,"Mrs. Jones, the teacher, had something to tell her class, ""You all know George in our class, well, he is very seriously ill"" she said. The class were all very sad and were sitting quietly when a little girl, Amy, arrived late. ""I've just been to the dentist"" she said. The teacher said to her ""Sit down and get on with your work.""","Did Amy know George was sick? Answer with ""Yes"" or ""No"" only, without explanations. In case of doubt, answer according to the most probable answer.",No
Baron-Cohen et al. (1999),Experts,FauxPas,8f,1,"Tim was in a restaurant. He spilt his coffee on the floor by accident. Jack was another person in the restaurant, standing by the cash desk waiting to pay. Tim went up to Jack and said ""I'm terribly sorry, but I've spilt my coffee. Would you be able to mop it up?"".","In the story did someone say something that they should not have said? Answer with ""Yes"" or ""No"" only, without explanations. In case of doubt, answer according to the most probable answer.",Yes
Baron-Cohen et al. (1999),Experts,FauxPas,8f,2,"Tim was in a restaurant. He spilt his coffee on the floor by accident. Jack was another person in the restaurant, standing by the cash desk waiting to pay. Tim went up to Jack and said ""I'm terribly sorry, but I've spilt my coffee. Would you be able to mop it up?"".",What did they say that they should not have said? Answer with a quote only without explanations.,"I'm terribly sorry, but I've spilt my coffee. Would you be able to mop it up?"
Baron-Cohen et al. (1999),Experts,FauxPas,8f,3,"Tim was in a restaurant. He spilt his coffee on the floor by accident. Jack was another person in the restaurant, standing by the cash desk waiting to pay. Tim went up to Jack and said ""I'm terribly sorry, but I've spilt my coffee. Would you be able to mop it up?"".","Where did the story take place ? Answer the question only, without explanations.",The story took place in a restaurant.
Baron-Cohen et al. (1999),Experts,FauxPas,8f,4,"Tim was in a restaurant. He spilt his coffee on the floor by accident. Jack was another person in the restaurant, standing by the cash desk waiting to pay. Tim went up to Jack and said ""I'm terribly sorry, but I've spilt my coffee. Would you be able to mop it up?"".","Did Tim know Jack was a customer? Answer with ""Yes"" or ""No"" only, without explanations. In case of doubt, answer according to the most probable answer.",No
Baron-Cohen et al. (1999),Experts,Control,8c,1,"Alan and Ed were having a drink in a restaurant. Alan spilt his coke on the floor by accident. He said to Edward ""Oh dear, haven't I been clumsy - I've spilt my coke!"" Edward said ""I'll order another one.""","In the story did someone say something that they should not have said? Answer with ""Yes"" or ""No"" only, without explanations. In case of doubt, answer according to the most probable answer.",No
Baron-Cohen et al. (1999),Experts,Control,8c,2,"Alan and Ed were having a drink in a restaurant. Alan spilt his coke on the floor by accident. He said to Edward ""Oh dear, haven't I been clumsy - I've spilt my coke!"" Edward said ""I'll order another one.""",What did they say that they should not have said? Answer with a quote only without explanations.,Nothing
Baron-Cohen et al. (1999),Experts,Control,8c,3,"Alan and Ed were having a drink in a restaurant. Alan spilt his coke on the floor by accident. He said to Edward ""Oh dear, haven't I been clumsy - I've spilt my coke!"" Edward said ""I'll order another one.""","Where did the story take place? Answer the question only, without explanations.",The story took place in a restaurant.
Baron-Cohen et al. (1999),Experts,Control,8c,4,"Alan and Ed were having a drink in a restaurant. Alan spilt his coke on the floor by accident. He said to Edward ""Oh dear, haven't I been clumsy - I've spilt my coke!"" Edward said ""I'll order another one.""","Did Alan know Ed was a customer? Answer with ""Yes"" or ""No"" only, without explanations. In case of doubt, answer according to the most probable answer.",Yes
Baron-Cohen et al. (1999),Experts,FauxPas,9f,1,"Jill had just moved into a new house. She went shopping with her Mum and bought some new curtains. When Jill had just put them up, her best friend Lisa came round and said, ""Oh, those curtains are horrible, I hope you're going to get some new ones."" Jill asked, ""Do you like the rest of my bedroom?.""","In the story did someone say something that they should not have said? Answer with ""Yes"" or ""No"" only, without explanations. In case of doubt, answer according to the most probable answer.",Yes
Baron-Cohen et al. (1999),Experts,FauxPas,9f,2,"Jill had just moved into a new house. She went shopping with her Mum and bought some new curtains. When Jill had just put them up, her best friend Lisa came round and said, ""Oh, those curtains are horrible, I hope you're going to get some new ones."" Jill asked, ""Do you like the rest of my bedroom?.""",What did they say that they should not have said? Answer with a quote only without explanations.,"""Oh, those curtains are horrible, I hope you're going to get some new ones."""
Baron-Cohen et al. (1999),Experts,FauxPas,9f,3,"Jill had just moved into a new house. She went shopping with her Mum and bought some new curtains. When Jill had just put them up, her best friend Lisa came round and said, ""Oh, those curtains are horrible, I hope you're going to get some new ones."" Jill asked, ""Do you like the rest of my bedroom?.""","What had Jill just bought? Answer the question only, without explanations.",Jill had just bought some new curtains.
Baron-Cohen et al. (1999),Experts,FauxPas,9f,4,"Jill had just moved into a new house. She went shopping with her Mum and bought some new curtains. When Jill had just put them up, her best friend Lisa came round and said, ""Oh, those curtains are horrible, I hope you're going to get some new ones."" Jill asked, ""Do you like the rest of my bedroom?.""","Did Lisa know the curtains were new? Answer with ""Yes"" or ""No"" only, without explanations. In case of doubt, answer according to the most probable answer.",No
Baron-Cohen et al. (1999),Experts,Control,9c,1,"Michelle had just moved into a new house. Michelle went shopping with her Mum and bought a new rug for her bedroom. When Michelle had just put it down, her best friend, Samantha, came round and said, ""Oh, your new rug is just like my new one."" Michelle asked, ""Do you like the house?""","In the story did someone say something that they should not have said? Answer with ""Yes"" or ""No"" only, without explanations. In case of doubt, answer according to the most probable answer.",No
Baron-Cohen et al. (1999),Experts,Control,9c,2,"Michelle had just moved into a new house. Michelle went shopping with her Mum and bought a new rug for her bedroom. When Michelle had just put it down, her best friend, Samantha, came round and said, ""Oh, your new rug is just like my new one."" Michelle asked, ""Do you like the house?""",What did they say that they should not have said? Answer with a quote only without explanations.,Nothing
Baron-Cohen et al. (1999),Experts,Control,9c,3,"Michelle had just moved into a new house. Michelle went shopping with her Mum and bought a new rug for her bedroom. When Michelle had just put it down, her best friend, Samantha, came round and said, ""Oh, your new rug is just like my new one."" Michelle asked, ""Do you like the house?""","What had Michelle just bought? Answer the question only, without explanations.",Michelle had just bought a new rug for her bedroom.
Baron-Cohen et al. (1999),Experts,Control,9c,4,"Michelle had just moved into a new house. Michelle went shopping with her Mum and bought a new rug for her bedroom. When Michelle had just put it down, her best friend, Samantha, came round and said, ""Oh, your new rug is just like my new one."" Michelle asked, ""Do you like the house?""","Did Samantha know the rug was new? Answer with ""Yes"" or ""No"" only, without explanations. In case of doubt, answer according to the most probable answer.",Yes
Baron-Cohen et al. (1999),Experts,FauxPas,10f,1,"Helen's mum was having a surprise party for Helen's birthday. She invited Nicky and said, ""Don't tell anyone, especially Helen!"" The day before the party Nicky and Helen were playing together and Nicky ripped her new dress. ""Oh!"" said Nicky, ""I was going to wear this to your party."" ""What party?"" said Helen. ""Come on,"" said Nicky ""Let's go and see if my mum can mend the tear.""","In the story did someone say something that they should not have said? Answer with ""Yes"" or ""No"" only, without explanations. In case of doubt, answer according to the most probable answer.",Yes
Baron-Cohen et al. (1999),Experts,FauxPas,10f,2,"Helen's mum was having a surprise party for Helen's birthday. She invited Nicky and said, ""Don't tell anyone, especially Helen!"" The day before the party Nicky and Helen were playing together and Nicky ripped her new dress. ""Oh!"" said Nicky, ""I was going to wear this to your party."" ""What party?"" said Helen. ""Come on,"" said Nicky ""Let's go and see if my mum can mend the tear.""",What did they say that they should not have said? Answer with a quote only without explanations.,"""I was going to wear this to your party."""
Baron-Cohen et al. (1999),Experts,FauxPas,10f,3,"Helen's mum was having a surprise party for Helen's birthday. She invited Nicky and said, ""Don't tell anyone, especially Helen!"" The day before the party Nicky and Helen were playing together and Nicky ripped her new dress. ""Oh!"" said Nicky, ""I was going to wear this to your party."" ""What party?"" said Helen. ""Come on,"" said Nicky ""Let's go and see if my mum can mend the tear.""","Who was the surprise party for? Answer the question only, without explanations.",The surprise party was for Helen.
Baron-Cohen et al. (1999),Experts,FauxPas,10f,4,"Helen's mum was having a surprise party for Helen's birthday. She invited Nicky and said, ""Don't tell anyone, especially Helen!"" The day before the party Nicky and Helen were playing together and Nicky ripped her new dress. ""Oh!"" said Nicky, ""I was going to wear this to your party."" ""What party?"" said Helen. ""Come on,"" said Nicky ""Let's go and see if my mum can mend the tear.""","Did Nicky remember the party was a surprise? Answer with ""Yes"" or ""No"" only, without explanations. In case of doubt, answer according to the most probable answer.",No
Baron-Cohen et al. (1999),Experts,Control,10c,1,"Annette's mum was having a surprise party for Annette's birthday. She invited Bridget and said to her. ""Don't tell anyone, especially not Annette!"" The day before the party Annette and Bridget were playing together and Annette ripped her new shirt. ""Oh!"" said Annette, ""My mother will be cross."" ""Don't worry"" said Bridget. ""Let's go and see if my mum can mend the tear.""","In the story did someone say something that they should not have said? Answer with ""Yes"" or ""No"" only, without explanations. In case of doubt, answer according to the most probable answer.",No
Baron-Cohen et al. (1999),Experts,Control,10c,2,"Annette's mum was having a surprise party for Annette's birthday. She invited Bridget and said to her. ""Don't tell anyone, especially not Annette!"" The day before the party Annette and Bridget were playing together and Annette ripped her new shirt. ""Oh!"" said Annette, ""My mother will be cross."" ""Don't worry"" said Bridget. ""Let's go and see if my mum can mend the tear.""",What did they say that they should not have said? Answer with a quote only without explanations.,Nothing
Baron-Cohen et al. (1999),Experts,Control,10c,3,"Annette's mum was having a surprise party for Annette's birthday. She invited Bridget and said to her. ""Don't tell anyone, especially not Annette!"" The day before the party Annette and Bridget were playing together and Annette ripped her new shirt. ""Oh!"" said Annette, ""My mother will be cross."" ""Don't worry"" said Bridget. ""Let's go and see if my mum can mend the tear.""","Who was the surprise party for? Answer the question only, without explanations.",The surprise party was for Annette.
Baron-Cohen et al. (1999),Experts,Control,10c,4,"Annette's mum was having a surprise party for Annette's birthday. She invited Bridget and said to her. ""Don't tell anyone, especially not Annette!"" The day before the party Annette and Bridget were playing together and Annette ripped her new shirt. ""Oh!"" said Annette, ""My mother will be cross."" ""Don't worry"" said Bridget. ""Let's go and see if my mum can mend the tear.""","Did Annette know there was a surprise party planned? Answer with ""Yes"" or ""No"" only, without explanations. In case of doubt, answer according to the most probable answer.",No
Shapira et al. (2023),Experts,FauxPas,11f,1,"Jeff, a young lawyer, was in an interview with a law firm. When he finished the interview tired he sank into one of the couches in the lobby. Sarah and Tim, the executives who interviewed him, went out of the room and into the lobby while Tim said: ""This candidate is really good."" Sarah added: ""He asked for 179K, could have asked for much more. We need to make him an offer quickly at the salary he asked for"". Tim saw Jeff and said ""Well why don't we go drink a cup of coffee.""	","In the story did someone say something that they should not have said? Answer with ""Yes"" or ""No"" only, without explanations. In case of doubt, answer according to the most probable answer.",Yes
Shapira et al. (2023),Experts,FauxPas,11f,2,"Jeff, a young lawyer, was in an interview with a law firm. When he finished the interview tired he sank into one of the couches in the lobby. Sarah and Tim, the executives who interviewed him, went out of the room and into the lobby while Tim said: ""This candidate is really good."" Sarah added: ""He asked for 179K, could have asked for much more. We need to make him an offer quickly at the salary he asked for"". Tim saw Jeff and said ""Well why don't we go drink a cup of coffee.""	",What did they say that they should not have said? Answer with a quote only without explanations.,"""He asked for 179K could have asked for much more. We need to make him an offer quickly at the salary he asked for"""
Shapira et al. (2023),Experts,FauxPas,11f,3,"Jeff, a young lawyer, was in an interview with a law firm. When he finished the interview tired he sank into one of the couches in the lobby. Sarah and Tim, the executives who interviewed him, went out of the room and into the lobby while Tim said: ""This candidate is really good."" Sarah added: ""He asked for 179K, could have asked for much more. We need to make him an offer quickly at the salary he asked for"". Tim saw Jeff and said ""Well why don't we go drink a cup of coffee.""	",Who was interviewed? Answer the question only without explanations.,Jeff
Shapira et al. (2023),Experts,FauxPas,11f,4,"Jeff, a young lawyer, was in an interview with a law firm. When he finished the interview tired he sank into one of the couches in the lobby. Sarah and Tim, the executives who interviewed him, went out of the room and into the lobby while Tim said: ""This candidate is really good."" Sarah added: ""He asked for 179K, could have asked for much more. We need to make him an offer quickly at the salary he asked for"". Tim saw Jeff and said ""Well why don't we go drink a cup of coffee.""	","Did Sarah know Jeff is sitting on one of the couches in the lobby? Answer with ""Yes"" or ""No"" only without explanations. In case of doubt answer according to the most probable answer.",No
Shapira et al. (2023),Experts,Control,11c,1,"Jeff, a young lawyer, was in an interview with a law firm. When he finished the interview	 tired he sank into one of the couches in the lobby. Sarah and Tim, the executives who interviewed him, went out of the room and into the lobby while Tim said: ""Let's go to lunch"". Sarah added: ""I'm ready"".","In the story did someone say something that they should not have said? Answer with ""Yes"" or ""No"" only, without explanations. In case of doubt, answer according to the most probable answer.",No
Shapira et al. (2023),Experts,Control,11c,2,"Jeff, a young lawyer, was in an interview with a law firm. When he finished the interview	 tired he sank into one of the couches in the lobby. Sarah and Tim, the executives who interviewed him, went out of the room and into the lobby while Tim said: ""Let's go to lunch"". Sarah added: ""I'm ready"".",What did they say that they should not have said? Answer with a quote only without explanations.,Nothing
Shapira et al. (2023),Experts,Control,11c,3,"Jeff, a young lawyer, was in an interview with a law firm. When he finished the interview	 tired he sank into one of the couches in the lobby. Sarah and Tim, the executives who interviewed him, went out of the room and into the lobby while Tim said: ""Let's go to lunch"". Sarah added: ""I'm ready"".",Who interviewed Jeff? Answer the question only without explanations.,Sarah and Tim
Shapira et al. (2023),Experts,Control,11c,4,"Jeff, a young lawyer, was in an interview with a law firm. When he finished the interview	 tired he sank into one of the couches in the lobby. Sarah and Tim, the executives who interviewed him, went out of the room and into the lobby while Tim said: ""Let's go to lunch"". Sarah added: ""I'm ready"".","Did Sarah know Jeff is sitting on one of the couches in the lobby? Answer with ""Yes"" or ""No"" only without explanations. In case of doubt answer according to the most probable answer.",No
Shapira et al. (2023),Experts,FauxPas,12f,1,"Dennis is a young songwriter trying hard to get some of his songs to the radio. His friend Alice meets him in the bar and he lets her hear his new song on his phone. ""Wow"" says Alice ""this is some badass stuff!"" She's playing it out aloud just as their friend Tim comes in and joins them. ""What's that thing you're listening to Alice? Let's hear something better"" He asks with a smile.","In the story did someone say something that they should not have said? Answer with ""Yes"" or ""No"" only, without explanations. In case of doubt, answer according to the most probable answer.",Yes
Shapira et al. (2023),Experts,FauxPas,12f,2,"Dennis is a young songwriter trying hard to get some of his songs to the radio. His friend Alice meets him in the bar and he lets her hear his new song on his phone. ""Wow"" says Alice ""this is some badass stuff!"" She's playing it out aloud just as their friend Tim comes in and joins them. ""What's that thing you're listening to Alice? Let's hear something better"" He asks with a smile.",What did they say that they should not have said? Answer with a quote only without explanations.,"""What's that thing you're listening to Alice? Let's hear something better"""
Shapira et al. (2023),Experts,FauxPas,12f,3,"Dennis is a young songwriter trying hard to get some of his songs to the radio. His friend Alice meets him in the bar and he lets her hear his new song on his phone. ""Wow"" says Alice ""this is some badass stuff!"" She's playing it out aloud just as their friend Tim comes in and joins them. ""What's that thing you're listening to Alice? Let's hear something better"" He asks with a smile.",Who is a young songwriter? Answer the question only without explanations.,Dennis
Shapira et al. (2023),Experts,FauxPas,12f,4,"Dennis is a young songwriter trying hard to get some of his songs to the radio. His friend Alice meets him in the bar and he lets her hear his new song on his phone. ""Wow"" says Alice ""this is some badass stuff!"" She's playing it out aloud just as their friend Tim comes in and joins them. ""What's that thing you're listening to Alice? Let's hear something better"" He asks with a smile.","Did Tim know that Alice is listening to Dannis's song? Answer with ""Yes"" or ""No"" only without explanations. In case of doubt answer according to the most probable answer.",No
Shapira et al. (2023),Experts,Control,12c,1,"Dennis is a young songwriter trying hard to get some of his songs to the radio. His friend Alice meets him in the bar and he lets her hear his new song on his phone. ""Wow"" says Alice ""this is some badass stuff!"" She's playing it out aloud just as their friend Tim comes in and joins them. ""What's that thing you're listening to Alice?"" He asks with a smile.""","In the story did someone say something that they should not have said? Answer with ""Yes"" or ""No"" only, without explanations. In case of doubt, answer according to the most probable answer.",No
Shapira et al. (2023),Experts,Control,12c,2,"Dennis is a young songwriter trying hard to get some of his songs to the radio. His friend Alice meets him in the bar and he lets her hear his new song on his phone. ""Wow"" says Alice ""this is some badass stuff!"" She's playing it out aloud just as their friend Tim comes in and joins them. ""What's that thing you're listening to Alice?"" He asks with a smile.""",What did they say that they should not have said? Answer with a quote only without explanations.,Nothing
Shapira et al. (2023),Experts,Control,12c,3,"Dennis is a young songwriter trying hard to get some of his songs to the radio. His friend Alice meets him in the bar and he lets her hear his new song on his phone. ""Wow"" says Alice ""this is some badass stuff!"" She's playing it out aloud just as their friend Tim comes in and joins them. ""What's that thing you're listening to Alice?"" He asks with a smile.""",Who is a young songwriter? Answer the question only without explanations.,Dennis
Shapira et al. (2023),Experts,Control,12c,4,"Dennis is a young songwriter trying hard to get some of his songs to the radio. His friend Alice meets him in the bar and he lets her hear his new song on his phone. ""Wow"" says Alice ""this is some badass stuff!"" She's playing it out aloud just as their friend Tim comes in and joins them. ""What's that thing you're listening to Alice?"" He asks with a smile.""","Did Tim know that Alice is listening to Dennis's song? Answer with ""Yes"" or ""No"" only without explanations. In case of doubt answer according to the most probable answer.",No
Shapira et al. (2023),Experts,FauxPas,13f,1,"Abby's father publishes short stories in the newspaper every week. She told him ""Dad  I want to learn how to write just like you!"" and he replied: ""Well then my dear why don't you go to a writing class?"" Abby goes to a first lesson in a class she found and David the teacher says: ""Today we'll look at some bad and good examples of story-writing"". He shows the class a story Abby's father wrote last week and says: ""And now I'll give you a good example of the writer Pichnik and you will say what the differences are.""","In the story did someone say something that they should not have said? Answer with ""Yes"" or ""No"" only, without explanations. In case of doubt, answer according to the most probable answer.",Yes
Shapira et al. (2023),Experts,FauxPas,13f,2,"Abby's father publishes short stories in the newspaper every week. She told him ""Dad  I want to learn how to write just like you!"" and he replied: ""Well then my dear why don't you go to a writing class?"" Abby goes to a first lesson in a class she found and David the teacher says: ""Today we'll look at some bad and good examples of story-writing"". He shows the class a story Abby's father wrote last week and says: ""And now I'll give you a good example of the writer Pichnik and you will say what the differences are.""",What did they say that they should not have said? Answer with a quote only without explanations.,"""And now I'll give you a good example of the writer Pichnik and you will say what the differences are."""
Shapira et al. (2023),Experts,FauxPas,13f,3,"Abby's father publishes short stories in the newspaper every week. She told him ""Dad  I want to learn how to write just like you!"" and he replied: ""Well then my dear why don't you go to a writing class?"" Abby goes to a first lesson in a class she found and David the teacher says: ""Today we'll look at some bad and good examples of story-writing"". He shows the class a story Abby's father wrote last week and says: ""And now I'll give you a good example of the writer Pichnik and you will say what the differences are.""",What job does David do? Answer the question only without explanations.,Writing class teacher
Shapira et al. (2023),Experts,FauxPas,13f,4,"Abby's father publishes short stories in the newspaper every week. She told him ""Dad  I want to learn how to write just like you!"" and he replied: ""Well then my dear why don't you go to a writing class?"" Abby goes to a first lesson in a class she found and David the teacher says: ""Today we'll look at some bad and good examples of story-writing"". He shows the class a story Abby's father wrote last week and says: ""And now I'll give you a good example of the writer Pichnik and you will say what the differences are.""","Did David know that Abby's father published the short story in the newspaper? Answer with ""Yes"" or ""No"" only without explanations. In case of doubt answer according to the most probable answer.",No
Shapira et al. (2023),Experts,Control,13c,1,"Abby's father publishes short stories in the newspaper every week. She told him ""Dad I want to learn how to write just like you!"" and he replied: ""Well then my dear why don't you go to a writing class?"" Abby goes to a first lesson in a class she found and David the teacher says: ""Today we'll look at some bad and good examples of story-writing"". He shows the class a story Abby's father wrote last week and says: ""This is a good example of a writer"".","In the story did someone say something that they should not have said? Answer with ""Yes"" or ""No"" only, without explanations. In case of doubt, answer according to the most probable answer.",No
Shapira et al. (2023),Experts,Control,13c,2,"Abby's father publishes short stories in the newspaper every week. She told him	 ""Dad	 I want to learn how to write just like you!"" and he replied: ""Well then my dear why don't you go to a writing class?"" Abby goes to a first lesson in a class she found	and David the teacher says: ""Today we'll look at some bad and good examples of story-writing"". He shows the class a story Abby's father wrote last week and says: ""This is a good example of a writer"".",What did they say that they should not have said? Answer with a quote only without explanations.,Nothing
Shapira et al. (2023),Experts,Control,13c,3,"Abby's father publishes short stories in the newspaper every week. She told him	 ""Dad	 I want to learn how to write just like you!"" and he replied: ""Well then my dear why don't you go to a writing class?"" Abby goes to a first lesson in a class she found	and David the teacher says: ""Today we'll look at some bad and good examples of story-writing"". He shows the class a story Abby's father wrote last week and says: ""This is a good example of a writer"".",What does Abby's father do? Answer the question only without explanations.,"Publishes short stories in the newspaper every week						"
Shapira et al. (2023),Experts,Control,13c,4,"Abby's father publishes short stories in the newspaper every week. She told him	 ""Dad	 I want to learn how to write just like you!"" and he replied: ""Well then my dear why don't you go to a writing class?"" Abby goes to a first lesson in a class she found	and David the teacher says: ""Today we'll look at some bad and good examples of story-writing"". He shows the class a story Abby's father wrote last week and says: ""This is a good example of a writer"".","Did David know that Abby's father published the short story in the newspaper? Answer with ""Yes"" or ""No"" only without explanations. In case of doubt answer according to the most probable answer.",No
Shapira et al. (2023),Experts,FauxPas,14f,1,"Michelle's mother bought her niece a new dress as a gift for her 20 years old birthday. She placed it on the chair in the kitchen and while arranging the table she called ""Michelle get ready for dinner"". Michelle went down and immediately noticed the dress - ""Mom! What a beautiful dress! I look forward to wearing it. Thank you!!!"". Michelle's mother said: ""Oh.. Michelle it's for Ayala"".","In the story did someone say something that they should not have said? Answer with ""Yes"" or ""No"" only, without explanations. In case of doubt, answer according to the most probable answer.",Yes
Shapira et al. (2023),Experts,FauxPas,14f,2,"Michelle's mother bought her niece a new dress as a gift for her 20 years old birthday. She placed it on the chair in the kitchen and while arranging the table she called ""Michelle get ready for dinner"". Michelle went down and immediately noticed the dress - ""Mom! What a beautiful dress! I look forward to wearing it. Thank you!!!"". Michelle's mother said: ""Oh.. Michelle it's for Ayala"".",What did they say that they should not have said? Answer with a quote only without explanations.,"""Mom! What a beautiful dress! I look forward to wearing it. Thank you!!!""."
Shapira et al. (2023),Experts,FauxPas,14f,3,"Michelle's mother bought her niece a new dress as a gift for her 20 years old birthday. She placed it on the chair in the kitchen and while arranging the table she called ""Michelle get ready for dinner"". Michelle went down and immediately noticed the dress - ""Mom! What a beautiful dress! I look forward to wearing it. Thank you!!!"". Michelle's mother said: ""Oh.. Michelle it's for Ayala"".",Where was the dress? Answer the question only without explanations.,On the chair in the kitchen
Shapira et al. (2023),Experts,FauxPas,14f,4,"Michelle's mother bought her niece a new dress as a gift for her 20 years old birthday. She placed it on the chair in the kitchen and while arranging the table she called ""Michelle get ready for dinner"". Michelle went down and immediately noticed the dress - ""Mom! What a beautiful dress! I look forward to wearing it. Thank you!!!"". Michelle's mother said: ""Oh.. Michelle it's for Ayala"".","Did Michelle know that the dress is for Ayala? Answer with ""Yes"" or ""No"" only without explanations. In case of doubt answer according to the most probable answer.",No
Shapira et al. (2023),Experts,Control,14c,1,"Michelle's mother bought her niece a new dress as a gift. She placed it on the chair in the kitchen and while arranging the table she called ""Michelle  get ready for dinner"". Michelle went down and immediately noticed the dress - ""What a beautiful dress! It's for Ayala's birthday right?"". Michelle's mother said: ""Yes my dear, it's for Ayala"".","In the story did someone say something that they should not have said? Answer with ""Yes"" or ""No"" only, without explanations. In case of doubt, answer according to the most probable answer.",No
Shapira et al. (2023),Experts,Control,14c,2,"Michelle's mother bought her niece a new dress as a gift. She placed it on the chair in the kitchen and while arranging the table she called ""Michelle  get ready for dinner"". Michelle went down and immediately noticed the dress - ""What a beautiful dress! It's for Ayala's birthday right?"". Michelle's mother said: ""Yes my dear, it's for Ayala"".",What did they say that they should not have said? Answer with a quote only without explanations.,Nothing
Shapira et al. (2023),Experts,Control,14c,3,"Michelle's mother bought her niece a new dress as a gift. She placed it on the chair in the kitchen and while arranging the table she called ""Michelle  get ready for dinner"". Michelle went down and immediately noticed the dress - ""What a beautiful dress! It's for Ayala's birthday right?"". Michelle's mother said: ""Yes my dear, it's for Ayala"".",Where was Michelle when she saw the dress? Answer the question only without explanations.,At the kitchen
Shapira et al. (2023),Experts,Control,14c,4,"Michelle's mother bought her niece a new dress as a gift. She placed it on the chair in the kitchen and while arranging the table she called ""Michelle  get ready for dinner"". Michelle went down and immediately noticed the dress - ""What a beautiful dress! It's for Ayala's birthday right?"". Michelle's mother said: ""Yes my dear, it's for Ayala"".","Did Michelle know that the dress is for Ayala? Answer with ""Yes"" or ""No"" only without explanations. In case of doubt answer according to the most probable answer.",Yes
Shapira et al. (2023),Experts,FauxPas,15f,1,"Melanie just got engaged and when she came to the office this morning she showed all her friends in the office a picture of her new fiancé Larry. ""Congratulations!"" said Jack ""I'm so happy for you"" added Linda. Rachel comes to the office an hour later sees Melanie's picture and says: ""Hey, how do you know Larry? I had some crazy nights with him when I was on vacation last year""","In the story did someone say something that they should not have said? Answer with ""Yes"" or ""No"" only, without explanations. In case of doubt, answer according to the most probable answer.",Yes
Shapira et al. (2023),Experts,FauxPas,15f,2,"Melanie just got engaged and when she came to the office this morning she showed all her friends in the office a picture of her new fiancé Larry. ""Congratulations!"" said Jack ""I'm so happy for you"" added Linda. Rachel comes to the office an hour later sees Melanie's picture and says: ""Hey, how do you know Larry? I had some crazy nights with him when I was on vacation last year""",What did they say that they should not have said? Answer with a quote only without explanations.,"""Hey, how do you know Larry? I had some crazy nights with him when I was on vacation last year"""
Shapira et al. (2023),Experts,FauxPas,15f,3,"Melanie just got engaged and when she came to the office this morning she showed all her friends in the office a picture of her new fiancé Larry. ""Congratulations!"" said Jack ""I'm so happy for you"" added Linda. Rachel comes to the office an hour later sees Melanie's picture and says: ""Hey, how do you know Larry? I had some crazy nights with him when I was on vacation last year""",Who got engaged? Answer the question only without explanations.,Melanie
Shapira et al. (2023),Experts,FauxPas,15f,4,"Melanie just got engaged and when she came to the office this morning she showed all her friends in the office a picture of her new fiancé Larry. ""Congratulations!"" said Jack ""I'm so happy for you"" added Linda. Rachel comes to the office an hour later sees Melanie's picture and says: ""Hey, how do you know Larry? I had some crazy nights with him when I was on vacation last year""","Did Rachel know Melanie got engaged to Larry? Answer with ""Yes"" or ""No"" only without explanations. In case of doubt answer according to the most probable answer.",No
Shapira et al. (2023),Experts,Control,15c,1,"Melanie just got engaged and when she came to the office this morning she showed all her friends in the office a picture of her new fiancé Larry. ""Congratulations!"" said Jack	 ""I'm so happy for you"" added Linda. Rachel comes to the office an hour later sees Melanie’s picture and says: ""Hey how do you know Larry? He is a friend of mine""","In the story did someone say something that they should not have said? Answer with ""Yes"" or ""No"" only, without explanations. In case of doubt, answer according to the most probable answer.",No
Shapira et al. (2023),Experts,Control,15c,2,"Melanie just got engaged and when she came to the office this morning she showed all her friends in the office a picture of her new fiancé Larry. ""Congratulations!"" said Jack	 ""I'm so happy for you"" added Linda. Rachel comes to the office an hour later sees Melanie’s picture and says: ""Hey how do you know Larry? He is a friend of mine""",What did they say that they should not have said? Answer with a quote only without explanations.,Nothing
Shapira et al. (2023),Experts,Control,15c,3,"Melanie just got engaged and when she came to the office this morning she showed all her friends in the office a picture of her new fiancé Larry. ""Congratulations!"" said Jack	 ""I'm so happy for you"" added Linda. Rachel comes to the office an hour later sees Melanie’s picture and says: ""Hey how do you know Larry? He is a friend of mine""",Who is Melanie's fiancé? Answer the question only without explanations.,Larry
Shapira et al. (2023),Experts,Control,15c,4,"Melanie just got engaged and when she came to the office this morning she showed all her friends in the office a picture of her new fiancé Larry. ""Congratulations!"" said Jack	 ""I'm so happy for you"" added Linda. Rachel comes to the office an hour later sees Melanie’s picture and says: ""Hey how do you know Larry? He is a friend of mine""","Did Rachel know Melanie got engaged to Larry? Answer with ""Yes"" or ""No"" only without explanations. In case of doubt answer according to the most probable answer.",No
Shapira et al. (2023),Experts,FauxPas,16f,1,"Annie just left the hospital, she was eight months pregnant and learned that the fetus had no pulse. She returns home by bus and meets Jessica on the way. Jessica said ""Annie! I haven't seen you in so long"" Annie weakly replied ""Yes..."". Jessica added ""Congratulations!"". Annie mumbled something and got on the bus.","In the story did someone say something that they should not have said? Answer with ""Yes"" or ""No"" only, without explanations. In case of doubt, answer according to the most probable answer.",Yes
Shapira et al. (2023),Experts,FauxPas,16f,2,"Annie just left the hospital, she was eight months pregnant and learned that the fetus had no pulse. She returns home by bus and meets Jessica on the way. Jessica said ""Annie! I haven't seen you in so long"" Annie weakly replied ""Yes..."". Jessica added ""Congratulations!"". Annie mumbled something and got on the bus.",What did they say that they should not have said? Answer with a quote only without explanations.,"""Congratulations!"""
Shapira et al. (2023),Experts,FauxPas,16f,3,"Annie just left the hospital, she was eight months pregnant and learned that the fetus had no pulse. She returns home by bus and meets Jessica on the way. Jessica said ""Annie! I haven't seen you in so long"" Annie weakly replied ""Yes..."". Jessica added ""Congratulations!"". Annie mumbled something and got on the bus.",What did Annie just learned? Answer the question only without explanations.,The fetus had no pulse
Shapira et al. (2023),Experts,FauxPas,16f,4,"Annie just left the hospital, she was eight months pregnant and learned that the fetus had no pulse. She returns home by bus and meets Jessica on the way. Jessica said ""Annie! I haven't seen you in so long"" Annie weakly replied ""Yes..."". Jessica added ""Congratulations!"". Annie mumbled something and got on the bus.","Did Jessica know that Annie's fetus had no pulse? Answer with ""Yes"" or ""No"" only without explanations. In case of doubt answer according to the most probable answer.",No
Shapira et al. (2023),Experts,Control,16c,1,"Annie just left the doctor office for a regular check, she was eight months pregnant. She returns home by bus and meets Jessica on the way. Jessica said ""Annie! I haven't seen you in so long"" Annie weakly replied ""Yes..."". Jessica added ""Congratulations!"". Annie said ""thank you"" and got on the bus.","In the story did someone say something that they should not have said? Answer with ""Yes"" or ""No"" only, without explanations. In case of doubt, answer according to the most probable answer.",No
Shapira et al. (2023),Experts,Control,16c,2,"Annie just left the doctor office for a regular check, she was eight months pregnant. She returns home by bus and meets Jessica on the way. Jessica said ""Annie! I haven't seen you in so long"" Annie weakly replied ""Yes..."". Jessica added ""Congratulations!"". Annie said ""thank you"" and got on the bus.",What did they say that they should not have said? Answer with a quote only without explanations.,Nothing
Shapira et al. (2023),Experts,Control,16c,3,"Annie just left the doctor office for a regular check, she was eight months pregnant. She returns home by bus and meets Jessica on the way. Jessica said ""Annie! I haven't seen you in so long"" Annie weakly replied ""Yes..."". Jessica added ""Congratulations!"". Annie said ""thank you"" and got on the bus.",How many months id Annie's pregnant? Answer the question only without explanations.,Eight
Shapira et al. (2023),Experts,Control,16c,4,"Annie just left the doctor office for a regular check, she was eight months pregnant. She returns home by bus and meets Jessica on the way. Jessica said ""Annie! I haven't seen you in so long"" Annie weakly replied ""Yes..."". Jessica added ""Congratulations!"". Annie said ""thank you"" and got on the bus.","Did Jessica know that Annie is pregnant? Answer with ""Yes"" or ""No"" only without explanations. In case of doubt answer according to the most probable answer.",Yes
Shapira et al. (2023),AI+Experts,FauxPas,17f,1,"Diana hesitated whether to come to the party because she was emotionally overwhelmed by her mother's death, but finally decided to go and hoped she will be able to have fun. At the party Emily was catching up with her old friend Diana she hadn't seen in years. ""How are you? I haven't seen you in ages."" said Emily ""Fine thanks what about you?"" answered Diana, ""I'm fine too"" said Emily and continued: ""and how's your mom?""","In the story did someone say something that they should not have said? Answer with ""Yes"" or ""No"" only, without explanations. In case of doubt, answer according to the most probable answer.",Yes
Shapira et al. (2023),AI+Experts,FauxPas,17f,2,"Diana hesitated whether to come to the party because she was emotionally overwhelmed by her mother's death, but finally decided to go and hoped she will be able to have fun. At the party Emily was catching up with her old friend Diana she hadn't seen in years. ""How are you? I haven't seen you in ages."" said Emily ""Fine thanks what about you?"" answered Diana, ""I'm fine too"" said Emily and continued: ""and how's your mom?""",What did they say that they should not have said? Answer with a quote only without explanations.,"""and how's your mom?"""
Shapira et al. (2023),AI+Experts,FauxPas,17f,3,"Diana hesitated whether to come to the party because she was emotionally overwhelmed by her mother's death, but finally decided to go and hoped she will be able to have fun. At the party Emily was catching up with her old friend Diana she hadn't seen in years. ""How are you? I haven't seen you in ages."" said Emily ""Fine thanks what about you?"" answered Diana, ""I'm fine too"" said Emily and continued: ""and how's your mom?""",Whose mother passed away? Answer the question only without explanations.,Diana
Shapira et al. (2023),AI+Experts,FauxPas,17f,4,"Diana hesitated whether to come to the party because she was emotionally overwhelmed by her mother's death, but finally decided to go and hoped she will be able to have fun. At the party Emily was catching up with her old friend Diana she hadn't seen in years. ""How are you? I haven't seen you in ages."" said Emily ""Fine thanks what about you?"" answered Diana, ""I'm fine too"" said Emily and continued: ""and how's your mom?""","Did Emily know that Diana's mother passed away? Answer with ""Yes"" or ""No"" only without explanations. In case of doubt answer according to the most probable answer.",No
Shapira et al. (2023),AI+Experts,Control,17c,1,"Diana hesitated whether to come to the party because she didn't like her dress, but finally decided to go and hoped she will have fun. At the party Emily was catching up with her old friend Diana she hadn't seen in years. ""How are you? I haven't seen you in ages."" said Emily ""Fine thanks what about you?"" answered Diana, ""I'm fine too"" said Emily and continued: ""and how's your mom?""","In the story did someone say something that they should not have said? Answer with ""Yes"" or ""No"" only, without explanations. In case of doubt, answer according to the most probable answer.",No
Shapira et al. (2023),AI+Experts,Control,17c,2,"Diana hesitated whether to come to the party because she didn't like her dress, but finally decided to go and hoped she will have fun. At the party Emily was catching up with her old friend Diana she hadn't seen in years. ""How are you? I haven't seen you in ages."" said Emily ""Fine thanks what about you?"" answered Diana, ""I'm fine too"" said Emily and continued: ""and how's your mom?""",What did they say that they should not have said? Answer with a quote only without explanations.,Nothing
Shapira et al. (2023),AI+Experts,Control,17c,3,"Diana hesitated whether to come to the party because she didn't like her dress, but finally decided to go and hoped she will have fun. At the party Emily was catching up with her old friend Diana she hadn't seen in years. ""How are you? I haven't seen you in ages."" said Emily ""Fine thanks what about you?"" answered Diana, ""I'm fine too"" said Emily and continued: ""and how's your mom?""",Where did Diana and Emily meet? Answer the question only without explanations. ,At the party
Shapira et al. (2023),AI+Experts,Control,17c,4,"Diana hesitated whether to come to the party because she didn't like her dress, but finally decided to go and hoped she will have fun. At the party Emily was catching up with her old friend Diana she hadn't seen in years. ""How are you? I haven't seen you in ages."" said Emily ""Fine thanks what about you?"" answered Diana, ""I'm fine too"" said Emily and continued: ""and how's your mom?""","Did Emily know Diana's mother status? Answer with ""Yes"" or ""No"" only without explanations. In case of doubt answer according to the most probable answer.",No
Shapira et al. (2023),AI+Experts,FauxPas,18f,1,"At the board meeting, the CEO informed the team that he wanted to share confidential information with them. A moment later Jane entered the room, just as the CEO said: ""The company is going to go bankrupt."" Later that day, when Jane was talking with her colleagues she said, ""I heard the CEO saying that the company is going bankrupt"".","In the story did someone say something that they should not have said? Answer with ""Yes"" or ""No"" only, without explanations. In case of doubt, answer according to the most probable answer.",Yes
Shapira et al. (2023),AI+Experts,FauxPas,18f,2,"At the board meeting, the CEO informed the team that he wanted to share confidential information with them. A moment later Jane entered the room, just as the CEO said: ""The company is going to go bankrupt."" Later that day, when Jane was talking with her colleagues she said, ""I heard the CEO saying that the company is going bankrupt"".",What did they say that they should not have said? Answer with a quote only without explanations.,"""I heard the CEO saying that the company is going bankrupt"""
Shapira et al. (2023),AI+Experts,FauxPas,18f,3,"At the board meeting, the CEO informed the team that he wanted to share confidential information with them. A moment later Jane entered the room, just as the CEO said: ""The company is going to go bankrupt."" Later that day, when Jane was talking with her colleagues she said, ""I heard the CEO saying that the company is going bankrupt"".",What did the CEO said? Answer the question only without explanations.,"""The company is going to go bankrupt."""
Shapira et al. (2023),AI+Experts,FauxPas,18f,4,"At the board meeting, the CEO informed the team that he wanted to share confidential information with them. A moment later Jane entered the room, just as the CEO said: ""The company is going to go bankrupt."" Later that day, when Jane was talking with her colleagues she said, ""I heard the CEO saying that the company is going bankrupt"".","Did Jane know that the information that the CEO shared was confidential ? Answer with ""Yes"" or ""No"" only without explanations. In case of doubt answer according to the most probable answer.",No
Shapira et al. (2023),AI+Experts,Control,18c,1,"At the board meeting the CEO informed the team that he wanted to share information with them just then Jane entered the room late as the CEO said: ""The company is going to go bankrupt."" Later that day Jane was discussing with her colleagues she said ""I heard the CEO saying that the company is going bankrupt"".","In the story did someone say something that they should not have said? Answer with ""Yes"" or ""No"" only, without explanations. In case of doubt, answer according to the most probable answer.",No
Shapira et al. (2023),AI+Experts,Control,18c,2,"At the board meeting the CEO informed the team that he wanted to share information with them just then Jane entered the room late as the CEO said: ""The company is going to go bankrupt."" Later that day Jane was discussing with her colleagues she said ""I heard the CEO saying that the company is going bankrupt"".",What did they say that they should not have said? Answer with a quote only without explanations.,Nothing
Shapira et al. (2023),AI+Experts,Control,18c,3,"At the board meeting the CEO informed the team that he wanted to share information with them just then Jane entered the room late as the CEO said: ""The company is going to go bankrupt."" Later that day Jane was discussing with her colleagues she said ""I heard the CEO saying that the company is going bankrupt"".",Where did the CEO informed about the bankrupt? Answer the question only without explanations.,At the board meeting
Shapira et al. (2023),AI+Experts,Control,18c,4,"At the board meeting the CEO informed the team that he wanted to share information with them just then Jane entered the room late as the CEO said: ""The company is going to go bankrupt."" Later that day Jane was discussing with her colleagues she said ""I heard the CEO saying that the company is going bankrupt"".","Did Jane know that the company is going to go bankrupt? Answer with ""Yes"" or ""No"" only without explanations. In case of doubt answer according to the most probable answer.",Yes
Shapira et al. (2023),AI+Experts,FauxPas,19f,1,"At a dinner party Ruth arrived alone and asked the hostess ""Are there people I know here?"" Suddenly she saw Claire. She got closer and heard Claire telling a story about the trip they took together. Claire mentioned Ruth ""She was the most annoying person I've ever met."" Ruth coughed and said ""Hi Claire"".","In the story did someone say something that they should not have said? Answer with ""Yes"" or ""No"" only, without explanations. In case of doubt, answer according to the most probable answer.",Yes
Shapira et al. (2023),AI+Experts,FauxPas,19f,2,"At a dinner party Ruth arrived alone and asked the hostess ""Are there people I know here?"" Suddenly she saw Claire. She got closer and heard Claire telling a story about the trip they took together. Claire mentioned Ruth ""She was the most annoying person I've ever met."" Ruth coughed and said ""Hi Claire"".",What did they say that they should not have said? Answer with a quote only without explanations.,"""She was the most annoying person I've ever met."""
Shapira et al. (2023),AI+Experts,FauxPas,19f,3,"At a dinner party Ruth arrived alone and asked the hostess ""Are there people I know here?"" Suddenly she saw Claire. She got closer and heard Claire telling a story about the trip they took together. Claire mentioned Ruth ""She was the most annoying person I've ever met."" Ruth coughed and said ""Hi Claire"".",Where did the story take place? Answer the question only without explanations.,At a dinner party
Shapira et al. (2023),AI+Experts,FauxPas,19f,4,"At a dinner party Ruth arrived alone and asked the hostess ""Are there people I know here?"" Suddenly she saw Claire. She got closer and heard Claire telling a story about the trip they took together. Claire mentioned Ruth ""She was the most annoying person I've ever met."" Ruth coughed and said ""Hi Claire"".","Did Claire know that Ruth at the party? Answer with ""Yes"" or ""No"" only without explanations. In case of doubt answer according to the most probable answer.",No
Shapira et al. (2023),AI+Experts,Control,19c,1,"At a dinner party Ruth arrived alone and asked the hostess ""Are there people I know here?"" Suddenly she saw Claire. She got closer and heard Claire telling a story about the trip they took together. Claire mentioned Ruth ""She was very helpful."" Ruth coughed and said ""Hi Claire"".","In the story did someone say something that they should not have said? Answer with ""Yes"" or ""No"" only, without explanations. In case of doubt, answer according to the most probable answer.",No
Shapira et al. (2023),AI+Experts,Control,19c,2,"At a dinner party Ruth arrived alone and asked the hostess ""Are there people I know here?"" Suddenly she saw Claire. She got closer and heard Claire telling a story about the trip they took together. Claire mentioned Ruth ""She was very helpful."" Ruth coughed and said ""Hi Claire"".",What did they say that they should not have said? Answer with a quote only without explanations.,Nothing
Shapira et al. (2023),AI+Experts,Control,19c,3,"At a dinner party Ruth arrived alone and asked the hostess ""Are there people I know here?"" Suddenly she saw Claire. She got closer and heard Claire telling a story about the trip they took together. Claire mentioned Ruth ""She was very helpful."" Ruth coughed and said ""Hi Claire"".",Where did the story take place ? Answer the question only without explanations.,At a dinner party
Shapira et al. (2023),AI+Experts,Control,19c,4,"At a dinner party Ruth arrived alone and asked the hostess ""Are there people I know here?"" Suddenly she saw Claire. She got closer and heard Claire telling a story about the trip they took together. Claire mentioned Ruth ""She was very helpful."" Ruth coughed and said ""Hi Claire"".","Did Claire know that Ruth at the party? Answer with ""Yes"" or ""No"" only without explanations. In case of doubt answer according to the most probable answer.",No
Shapira et al. (2023),AI+Experts,FauxPas,20f,1,"Larry helped John find a job, using his personal connections. After several years Larry and John met again. John said: ""Hey Larry! How are you?"" and Larry responded - ""Good thanks and how about you? How's it going?"" And John replied: ""I hate my job. Too bad I started working there at all"".","In the story did someone say something that they should not have said? Answer with ""Yes"" or ""No"" only, without explanations. In case of doubt, answer according to the most probable answer.",Yes
Shapira et al. (2023),AI+Experts,FauxPas,20f,2,"Larry helped John find a job, using his personal connections. After several years Larry and John met again. John said: ""Hey Larry! How are you?"" and Larry responded - ""Good thanks and how about you? How's it going?"" And John replied: ""I hate my job. Too bad I started working there at all"".",What did they say that they should not have said? Answer with a quote only without explanations.,"""I hate my job. Too bad I started working there at all"""
Shapira et al. (2023),AI+Experts,FauxPas,20f,3,"Larry helped John find a job, using his personal connections. After several years Larry and John met again. John said: ""Hey Larry! How are you?"" and Larry responded - ""Good thanks and how about you? How's it going?"" And John replied: ""I hate my job. Too bad I started working there at all"".",Who helped John find a job? Answer the question only without explanations.,Larry
Shapira et al. (2023),AI+Experts,FauxPas,20f,4,"Larry helped John find a job, using his personal connections. After several years Larry and John met again. John said: ""Hey Larry! How are you?"" and Larry responded - ""Good thanks and how about you? How's it going?"" And John replied: ""I hate my job. Too bad I started working there at all"".","Did John remember that Larry helped him find a job Answer with ""Yes"" or ""No"" only without explanations. In case of doubt answer according to the most probable answer.",No
Shapira et al. (2023),AI+Experts,Control,20c,1,"Larry helped John find a job. After several years Larry and John met again. John said: ""Hey Larry! How are you?"" and Larry responded - ""Good thanks and how about you? How's it going?"" And John answered: ""Working hard but satisfied.""","In the story did someone say something that they should not have said? Answer with ""Yes"" or ""No"" only, without explanations. In case of doubt, answer according to the most probable answer.",No
Shapira et al. (2023),AI+Experts,Control,20c,2,"Larry helped John find a job. After several years Larry and John met again. John said: ""Hey Larry! How are you?"" and Larry responded - ""Good thanks and how about you? How's it going?"" And John answered: ""Working hard but satisfied.""",What did they say that they should not have said? Answer with a quote only without explanations.,Nothing
Shapira et al. (2023),AI+Experts,Control,20c,3,"Larry helped John find a job. After several years Larry and John met again. John said: ""Hey Larry! How are you?"" and Larry responded - ""Good thanks and how about you? How's it going?"" And John answered: ""Working hard but satisfied.""",Who helped John find a job? Answer the question only without explanations.,Larry
Shapira et al. (2023),AI+Experts,Control,20c,4,"Larry helped John find a job. After several years Larry and John met again. John said: ""Hey Larry! How are you?"" and Larry responded - ""Good thanks and how about you? How's it going?"" And John answered: ""Working hard but satisfied.""","Did John remember that Larry helped him find a job Answer with ""Yes"" or ""No"" only without explanations. In case of doubt answer according to the most probable answer.",Yes
Shapira et al. (2023),AI+Experts,FauxPas,21f,1,"Emily was discussing a proposal with her team. Tim, their boss, was sitting in the next room and heard everything. Mike, one of the members of the team, proposed an idea and added ""it's very expensive but it sounds interesting to me"". Emily said: ""It probably won't work but let's just do it anyway, I’ll tell Tim it’s a good proposal."" ","In the story did someone say something that they should not have said? Answer with ""Yes"" or ""No"" only, without explanations. In case of doubt, answer according to the most probable answer.",Yes
Shapira et al. (2023),AI+Experts,FauxPas,21f,2,"Emily was discussing a proposal with her team. Tim, their boss, was sitting in the next room and heard everything. Mike, one of the members of the team, proposed an idea and added ""it's very expensive but it sounds interesting to me"". Emily said: ""It probably won't work but let's just do it anyway, I’ll tell Tim it’s a good proposal."" ",What did they say that they should not have said? Answer with a quote only without explanations.,"""It probably won't work but let's just do it anyway, I’ll tell Tim it’s a good proposal."""
Shapira et al. (2023),AI+Experts,FauxPas,21f,3,"Emily was discussing a proposal with her team. Tim, their boss, was sitting in the next room and heard everything. Mike, one of the members of the team, proposed an idea and added ""it's very expensive but it sounds interesting to me"". Emily said: ""It probably won't work but let's just do it anyway, I’ll tell Tim it’s a good proposal."" ",Where was the boss sitting? Answer the question only without explanations.,In the next room
Shapira et al. (2023),AI+Experts,FauxPas,21f,4,"Emily was discussing a proposal with her team. Tim, their boss, was sitting in the next room and heard everything. Mike, one of the members of the team, proposed an idea and added ""it's very expensive but it sounds interesting to me"". Emily said: ""It probably won't work but let's just do it anyway, I’ll tell Tim it’s a good proposal."" ","Did Emily know that their boss was sitting in the next room and hearing everything? Answer with ""Yes"" or ""No"" only without explanations. In case of doubt answer according to the most probable answer.",No
Shapira et al. (2023),AI+Experts,Control,21c,1,"Emily was discussing a proposal with her team. Their boss was sitting in the next room and heard everything. One of the members of the team Mike proposed an idea and added ""It is expensive but it sounds very interesting to me"". Emily said ""I believe this proposal has potential and we should consider it carefully."" Mike added ""Let's share with the management"".","In the story did someone say something that they should not have said? Answer with ""Yes"" or ""No"" only, without explanations. In case of doubt, answer according to the most probable answer.",No
Shapira et al. (2023),AI+Experts,Control,21c,2,"Emily was discussing a proposal with her team. Their boss was sitting in the next room and heard everything. One of the members of the team Mike proposed an idea and added ""It is expensive but it sounds very interesting to me"". Emily said ""I believe this proposal has potential and we should consider it carefully."" Mike added ""Let's share with the management"".",What did they say that they should not have said? Answer with a quote only without explanations.,Nothing
Shapira et al. (2023),AI+Experts,Control,21c,3,"Emily was discussing a proposal with her team. Their boss was sitting in the next room and heard everything. One of the members of the team Mike proposed an idea and added ""It is expensive but it sounds very interesting to me"". Emily said ""I believe this proposal has potential and we should consider it carefully."" Mike added ""Let's share with the management"".",Where was the boss sitting? Answer the question only without explanations.,In the next room
Shapira et al. (2023),AI+Experts,Control,21c,4,"Emily was discussing a proposal with her team. Their boss was sitting in the next room and heard everything. One of the members of the team Mike proposed an idea and added ""It is expensive but it sounds very interesting to me"". Emily said ""I believe this proposal has potential and we should consider it carefully."" Mike added ""Let's share with the management"".","Did Mike know that their boss was sitting in the next room and hearing everything? Answer with ""Yes"" or ""No"" only without explanations. In case of doubt answer according to the most probable answer.",No
Shapira et al. (2023),AI+Experts,FauxPas,22f,1,"Dima had a newborn baby. He hasn't slept in three days and yet he's back at work. Recently there were organizational changes and Dima got a new manager, Henry. At their first meeting Henry was discussing a project with him. Dima said ""This is a project with a lot of exposure"" and Henry added ""Dima you are going to work on this all nights"". Dima said ""I'll try"".","In the story did someone say something that they should not have said? Answer with ""Yes"" or ""No"" only, without explanations. In case of doubt, answer according to the most probable answer.",Yes
Shapira et al. (2023),AI+Experts,FauxPas,22f,2,"Dima had a newborn baby. He hasn't slept in three days and yet he's back at work. Recently there were organizational changes and Dima got a new manager, Henry. At their first meeting Henry was discussing a project with him. Dima said ""This is a project with a lot of exposure"" and Henry added ""Dima you are going to work on this all nights"". Dima said ""I'll try"".",What did they say that they should not have said? Answer with a quote only without explanations.,"""Dima you are going to work on this all nights"""
Shapira et al. (2023),AI+Experts,FauxPas,22f,3,"Dima had a newborn baby. He hasn't slept in three days and yet he's back at work. Recently there were organizational changes and Dima got a new manager, Henry. At their first meeting Henry was discussing a project with him. Dima said ""This is a project with a lot of exposure"" and Henry added ""Dima you are going to work on this all nights"". Dima said ""I'll try"".",What event happened to Dima? Answer the question only without explanations.,Dima had a newborn baby.
Shapira et al. (2023),AI+Experts,FauxPas,22f,4,"Dima had a newborn baby. He hasn't slept in three days and yet he's back at work. Recently there were organizational changes and Dima got a new manager, Henry. At their first meeting Henry was discussing a project with him. Dima said ""This is a project with a lot of exposure"" and Henry added ""Dima you are going to work on this all nights"". Dima said ""I'll try"".","Did Henry know Dima had a new born baby? Answer with ""Yes"" or ""No"" only without explanations. In case of doubt answer according to the most probable answer.",No
Shapira et al. (2023),AI+Experts,Control,22c,1,"Dima had a newborn baby. He hasn't slept in three days and yet he's back at work. Recently there were organizational changes and Dima got a new manager, Henry. At their first meeting Henry was discussing a project with him. Dima said ""This is a project with a lot of exposure"" and Henry added ""We will be working on this project in the next weeks"". Dima said ""I'll try"". Henry added ""Is there anything I should consider?""","In the story did someone say something that they should not have said? Answer with ""Yes"" or ""No"" only, without explanations. In case of doubt, answer according to the most probable answer.",No
Shapira et al. (2023),AI+Experts,Control,22c,2,"Dima had a newborn baby. He hasn't slept in three days and yet he's back at work. Recently there were organizational changes and Dima got a new manager, Henry. At their first meeting Henry was discussing a project with him. Dima said ""This is a project with a lot of exposure"" and Henry added ""We will be working on this project in the next weeks"". Dima said ""I'll try"". Henry added ""Is there anything I should consider?""",What did they say that they should not have said? Answer with a quote only without explanations.,Nothing
Shapira et al. (2023),AI+Experts,Control,22c,3,"Dima had a newborn baby. He hasn't slept in three days and yet he's back at work. Recently there were organizational changes and Dima got a new manager, Henry. At their first meeting Henry was discussing a project with him. Dima said ""This is a project with a lot of exposure"" and Henry added ""We will be working on this project in the next weeks"". Dima said ""I'll try"". Henry added ""Is there anything I should consider?""",What is Dima's manager name? Answer the question only without explanations.,Henry
Shapira et al. (2023),AI+Experts,Control,22c,4,"Dima had a newborn baby. He hasn't slept in three days and yet he's back at work. Recently there were organizational changes and Dima got a new manager, Henry. At their first meeting Henry was discussing a project with him. Dima said ""This is a project with a lot of exposure"" and Henry added ""We will be working on this project in the next weeks"". Dima said ""I'll try"". Henry added ""Is there anything I should consider?""","Did Henry know Dima had a new born baby? Answer with ""Yes"" or ""No"" only without explanations. In case of doubt answer according to the most probable answer.",No
